{"session_id": "minst1", "session_metrics": {"0_0": {"id": "0_0", "epoch": 0, "iter": 0, "metrics": {"loss": 2.295743942260742}}, "0_100": {"id": "0_100", "epoch": 0, "iter": 100, "metrics": {"loss": 1.839208960533142}}, "0_200": {"id": "0_200", "epoch": 0, "iter": 200, "metrics": {"loss": 0.8070308566093445}}, "0_300": {"id": "0_300", "epoch": 0, "iter": 300, "metrics": {"loss": 0.6253668069839478}}, "0_400": {"id": "0_400", "epoch": 0, "iter": 400, "metrics": {"loss": 0.47746866941452026}}, "0_500": {"id": "0_500", "epoch": 0, "iter": 500, "metrics": {"loss": 0.2186385691165924}}, "0_600": {"id": "0_600", "epoch": 0, "iter": 600, "metrics": {"loss": 0.21879835426807404}}, "0_700": {"id": "0_700", "epoch": 0, "iter": 700, "metrics": {"loss": 0.6353425979614258}}, "0_800": {"id": "0_800", "epoch": 0, "iter": 800, "metrics": {"loss": 0.24563857913017273}}, "0_900": {"id": "0_900", "epoch": 0, "iter": 900, "metrics": {"loss": 0.6735257506370544}}, "0_1000": {"id": "0_1000", "epoch": 0, "iter": 1000, "metrics": {"loss": 0.05933588743209839}}, "0_1100": {"id": "0_1100", "epoch": 0, "iter": 1100, "metrics": {"loss": 0.0408245250582695}}, "0_1200": {"id": "0_1200", "epoch": 0, "iter": 1200, "metrics": {"loss": 0.06042349338531494}}, "0_1300": {"id": "0_1300", "epoch": 0, "iter": 1300, "metrics": {"loss": 0.3201078176498413}}, "0_1400": {"id": "0_1400", "epoch": 0, "iter": 1400, "metrics": {"loss": 0.36891621351242065}}, "0_1500": {"id": "0_1500", "epoch": 0, "iter": 1500, "metrics": {"loss": 0.052996926009655}}, "0_1600": {"id": "0_1600", "epoch": 0, "iter": 1600, "metrics": {"loss": 0.22903171181678772}}, "0_1700": {"id": "0_1700", "epoch": 0, "iter": 1700, "metrics": {"loss": 0.10520180314779282}}, "0_1800": {"id": "0_1800", "epoch": 0, "iter": 1800, "metrics": {"loss": 0.776134192943573}}, "0_1900": {"id": "0_1900", "epoch": 0, "iter": 1900, "metrics": {"loss": 0.22522976994514465}}, "0_2000": {"id": "0_2000", "epoch": 0, "iter": 2000, "metrics": {"loss": 0.13978251814842224}}, "0_2100": {"id": "0_2100", "epoch": 0, "iter": 2100, "metrics": {"loss": 0.24258652329444885}}}, "metric_ids": ["0_0", "0_100", "0_200", "0_300", "0_400", "0_500", "0_600", "0_700", "0_800", "0_900", "0_1000", "0_1100", "0_1200", "0_1300", "0_1400", "0_1500", "0_1600", "0_1700", "0_1800", "0_1900", "0_2000", "0_2100"], "state_ids": ["0_0", "0_100", "0_200", "0_300", "0_400", "0_500", "0_600", "0_700", "0_800", "0_900", "0_1000", "0_1100", "0_1200", "0_1300", "0_1400", "0_1500", "0_1600", "0_1700", "0_1800", "0_1900", "0_2000"]}